"id","t_name","t_address","t_phn",t_insrt_dt,t_updt_dt
49,"John","john@gmail.com",98123154,,
50,"Jimmy","jimmy@gmail.com",34126732,,
51,"Klein","klein@gmail.com",76234423,,
52,"Clark","clark@gmail.com",452354873,,
53,"Jean","jean.1@gmail.com",34651236,,
54,"Ali","ali@gmail.com",223411,,
55,"Ahmed","ahmed@gmail.com",9873453,,
56,"Taha","taha@gmail.com",312454,,
57,"Ethan","ethan@gmail.com",45673234,,
58,"Jason","jason@gmail.com",9481154,,
59,"Bunny","bunny@gmail.com",76234834,,
60,"Sooraj","sooraj@gmail.com",45219415,,
61,"Mohsin","mohsin@gmail.com",78242456,,
62,"Kevin","kevin@gmail.com",52314546,,
63,"Hassan","hassan@gmail.com",54843162,,
64,"Danial","danial@gmail.com",5441074,,
